1,Hilliard,Lehemann,520-802-9102,hilliard.lehemann@gmail.com,48339 Londonderry Street,Arizona,85725,Tucson
2,Leann,Lomis,512-794-2000,leann.lomis@gmail.com,01 Del Mar Terrace,Texas,78789,Austin
3,Goldia,Cripin,918-671-8823,goldia.cripin@gmail.com,44598 Anniversary Drive,Oklahoma,74156,Tulsa
4,Darb,Herion,502-340-9742,darb.herion@gmail.com,252 Spaight Road,Kentucky,40250,Louisville
5,Livvyy,Gilson,202-207-5534,livvyy.gilson@gmail.com,08 Schiller Hill,District of Columbia,20442,Washington
6,Ranna,Rosenhaus,816-301-9846,ranna.rosenhaus@gmail.com,01642 Oak Hill,Missouri,64125,Kansas City
7,Shelly,Mansford,806-241-0654,shelly.mansford@gmail.com,9953 Forest Point,Texas,79188,Amarillo
8,Nicolis,Masdon,619-230-5217,nicolis.masdon@gmail.com,70115 Sloan Lane,California,92165,San Diego
9,Aggie,McCloughen,405-596-7295,aggie.mccloughen@gmail.com,21 Dahle Plaza,Oklahoma,73104,Oklahoma City
10,Wyn,Letcher,210-641-0371,wyn.letcher@gmail.com,63007 Prairieview Lane,Texas,78260,San Antonio
11,Hughie,Gray,212-352-0828,hughie.gray@gmail.com,15 Katie Parkway,New York,10260,New York City
12,Ganny,McBrier,971-487-3175,ganny.mcbrier@gmail.com,9084 Kennedy Pass,Oregon,97271,Portland
13,Barnaby,Seagrove,210-793-9042,barnaby.seagrove@gmail.com,09401 Carpenter Terrace,Texas,78265,San Antonio
14,Domeniga,Cowtherd,303-854-8438,domeniga.cowtherd@gmail.com,8955 Kenwood Park,Colorado,80262,Denver
15,Osmond,Pidwell,336-774-8840,osmond.pidwell@gmail.com,36910 Saint Paul Center,North Carolina,27499,Greensboro
16,Caryl,Snipe,864-752-0894,caryl.snipe@gmail.com,3 Badeau Point,South Carolina,29305,Spartanburg
17,Florinda,Rebanks,212-630-7419,florinda.rebanks@gmail.com,19599 Novick Junction,New York,10090,New York City
18,Missie,Tremblot,719-156-6358,missie.tremblot@gmail.com,987 Service Crossing,Colorado,80995,Colorado Springs
19,Rodi,Peacock,916-709-8325,rodi.peacock@gmail.com,00059 3rd Court,California,94250,Sacramento
20,Gannon,McDonough,425-131-2518,gannon.mcdonough@gmail.com,1 Memorial Crossing,Washington,98206,Everett
21,Niccolo,Thatcher,804-202-9820,niccolo.thatcher@gmail.com,04 Buhler Pass,Virginia,23225,Richmond
22,Brandie,Bogey,609-596-4455,brandie.bogey@gmail.com,9 Waxwing Crossing,New Jersey,8608,Trenton
23,Hale,Osmond,608-870-6206,hale.osmond@gmail.com,76 Mifflin Point,Wisconsin,53710,Madison
24,Dulcie,Goodman,916-836-9807,dulcie.goodman@gmail.com,3 Upham Circle,California,95852,Sacramento
25,Viviana,Wilshire,850-578-4267,viviana.wilshire@gmail.com,8560 Sage Terrace,Florida,32575,Pensacola
26,Dori,Ebbens,323-780-4326,dori.ebbens@gmail.com,43207 Crest Line Road,California,91103,Pasadena
27,Guillema,Tancock,303-898-9188,guillema.tancock@gmail.com,51 Eliot Place,Colorado,80235,Denver
28,Victoir,Arnke,714-796-6987,victoir.arnke@gmail.com,97 Kennedy Way,California,92835,Fullerton
29,Bernarr,Feeny,757-901-1308,bernarr.feeny@gmail.com,3332 Stuart Terrace,Virginia,23668,Hampton
30,Suzy,Lavielle,402-551-8094,suzy.lavielle@gmail.com,40 Cody Lane,Nebraska,68510,Lincoln
31,Griffy,Sabatini,850-694-1001,griffy.sabatini@gmail.com,689 Shasta Street,Florida,32575,Pensacola
32,Corty,Liddiard,772-321-0119,corty.liddiard@gmail.com,655 Southridge Court,Florida,32969,Vero Beach
33,Culver,Dockery,410-569-3806,culver.dockery@gmail.com,39 Raven Court,Maryland,21239,Baltimore
34,Lotta,Towne,937-307-5082,lotta.towne@gmail.com,57 Dennis Park,Ohio,45454,Dayton
35,Lolita,Pryn,602-209-0134,lolita.pryn@gmail.com,86 Village Green Pass,Arizona,85053,Phoenix
36,Kelcy,Toothill,315-855-8173,kelcy.toothill@gmail.com,11372 Sunfield Circle,New York,13251,Syracuse
37,Kania,Sporgeon,504-578-8243,kania.sporgeon@gmail.com,6799 Burrows Court,Louisiana,70116,New Orleans
38,Raf,Keasey,518-247-9079,raf.keasey@gmail.com,54 Del Mar Pass,New York,12227,Albany
39,Frank,Linzee,405-266-0903,frank.linzee@gmail.com,92 Armistice Avenue,Oklahoma,73197,Oklahoma City
40,Filip,MacLure,515-186-9310,filip.maclure@gmail.com,67619 Larry Center,Iowa,50305,Des Moines
41,Rockwell,Stowe,215-472-4399,rockwell.stowe@gmail.com,1 Mayer Park,Pennsylvania,19131,Philadelphia
42,Skippie,Lamming,205-202-9274,skippie.lamming@gmail.com,0 Debs Circle,Alabama,35220,Birmingham
43,Emmalee,Coughan,808-285-1929,emmalee.coughan@gmail.com,339 Donald Hill,Hawaii,96810,Honolulu
44,Pyotr,Glossop,623-387-6293,pyotr.glossop@gmail.com,32 Sherman Parkway,Arizona,85383,Peoria
45,Charmion,Maytom,757-945-7652,charmion.maytom@gmail.com,628 Westend Park,Virginia,22070,Herndon
46,Kippar,Leedal,310-372-8770,kippar.leedal@gmail.com,7497 Stone Corner Trail,California,90305,Inglewood
47,Alfreda,Feye,916-977-1342,alfreda.feye@gmail.com,519 Lyons Parkway,California,94286,Sacramento
48,Emmalynne,Swaine,304-319-0179,emmalynne.swaine@gmail.com,2 Maple Park,West Virginia,25326,Charleston
49,Karine,Emson,757-109-4954,karine.emson@gmail.com,93 Katie Place,Virginia,23471,Virginia Beach
50,Rebe,Basnett,405-104-0716,rebe.basnett@gmail.com,88036 Donald Way,Oklahoma,73167,Oklahoma City
